itemnumber,itemdescription
28858,Tanqueray Sevilla Orange
19009,Jeffersons Very Small Batch
86980,Ole Smoky Pecan Whiskey
86507,Paramount Triple Sec
11777,Black Velvet
89577,Montezuma Gold
101139,Midnight Moon Peppermint w/ Shot Glass
77741,Smirnoff Raspberry
15247,Windsor Canadian
82849,Dekuyper Luscious Peachtree PET
27102,Templeton Rye 4YR
57168,Chi-Chi's Chocolate Malt
37338,UV Vodka PET
77055,Sir Winston Peach
915177,HA WhistlePig Boss Hog VIII Lapulapus Pacific
63321,On the Rocks Cocktails Hornitos Margarita
991592,HA Old Elk Infinity Blend
67006,Midori Melon Liqueur
17958,Evan Williams Black
86455,Black Velvet Apple
43337,Captain Morgan Original Spiced
27544,Red Stag Black Cherry
16906,Bookers Bourbon
42717,Malibu Coconut
34578,Pinnacle
43138,Bacardi Limon
43028,Admiral Nelson Spiced
76486,Paramount Amaretto
87906,Amor Reposado
5037,Glenlivet 12YR
38178,Titos Handmade Vodka
11297,Crown Royal
35318,Barton Vodka
52438,DeKuyper Grape Pucker PET
64865,Fireball Cinnamon Whiskey PET
25459,Slipknot Limited Edition Anniversary Iowa Label Whiskey
101163,RumChata w/ 100ml Lemon & Peppermint Bark
6076,The Singleton 12YR
37414,Popov 80prf
79966,Arrow Creme de Almond
100771,Platinum 7x Vodka Candy Cane
37996,Smirnoff 80prf
79336,Paramount Creme de Menthe Green
21597,Ten High
43137,Bacardi Limon
34008,Absolut Swedish Vodka 80prf
21589,EH Taylor Jr Single Barrel
64864,Fireball Cinnamon Whiskey
38008,Smirnoff 80prf PET
25608,Seagrams 7 Crown
4718,Chivas Regal 12YR
10809,Crown Royal Regal Apple
58835,Jose Cuervo Authentic Lime Margarita
64904,Fireball Cinnamon Whiskey PET
10788,Crown Royal Vanilla Mini
4717,Chivas Regal 12YR
31658,Paramount Gin
101346,Grey Goose Glass Pack
40152,Deep Eddy Cranberry
58801,Captain Morgan Long Island Iced Tea
19067,Jim Beam
81204,Paramount Peppermint Schnapps
21598,Ten High
11348,Seagrams VO Canadian Whiskey PET
43316,Captain Morgan Private Stock
59231,Ice Box Mudslide
15248,Windsor Canadian PET
82610,Dekuyper Hot Damn!
100719,Jameson Mini
73715,Evan Williams Cherry Reserve
77052,Hog Wild Cinnamon
26828,Jack Daniels Old #7 Black Label
16562,Angels Envy Bourbon Port Finished
101491,Midnight Moon Party Pack Minis
26096,Cedar Ridge Double Barrel Bourbon Whiskey
11774,Black Velvet
84617,Phillips Root Beer Schnapps
25604,Seagrams 7 Crown
4796,Cutty Sark Scotch
41692,UV Blue Raspberry
22121,Wild Turkey 81
28279,Jim Beam Peach
27037,George Dickel Rye
30236,Gilbeys Gin
43127,Bacardi Superior
82840,Dekuyper Luscious Peachtree PET
11287,Crown Royal 18YR Extra Rare
38088,Platinum 7x Vodka
69638,Dr McGillicuddys Cherry
6016,Lagavulin Offerman Edition Finished in Guinness Casks
75210,Kinky Pink
80365,Ole Smoky White Chocolate Strawberry Cream
82787,Dekuyper Buttershots
65013,Fireball Cinnamon Whiskey Mini Sleeve
78866,Paramount Creme de Cacao White
12408,Canadian Ltd Whisky
26697,WhistlePig FarmStock
86715,Ole Smoky Shine Nog Moonshine
78129,Smirnoff Pink Lemonade
64867,Fireball Cinnamon Whiskey
77318,Rondiaz Rum Spiced
42712,Malibu Coconut Mini
916890,HA Bond & Lillard Bourbon
71886,Amaretto E Dolce
82612,Dekuyper Hot Damn! PET
75230,Kinky Red
15627,Jameson
31718,Phillips Gin
34029,Absolut Citron
48106,Hennessy VS
43025,Admiral Nelson Spiced PET
41696,UV Green Apple
86506,Paramount Triple Sec
57157,Chi-Chi's Pina Colada
44456,Cruzan Raspberry
5486,Macallan 12YR
13038,Canadian Reserve Whisky
65127,Grand Marnier Cordon Rouge
16580,Bakers 7YR
43024,Admiral Nelson Spiced
38177,Titos Handmade Vodka
5038,Glenlivet 12YR
77050,Field Fire
26231,Sir Winston Wheat
77054,Private First Class
26737,Sir Winston Bourbon
77049,Sir Winston Apple
55088,Paramount Blackberry Brandy
15298,Windsor Canadian Outdoors Edition Whisky
37994,Smirnoff 80prf
16096,Evan Williams Bottled in Bond
45278,Paramount White Rum
86390,Montezuma Triple Sec
54706,Dekuyper Blackberry Brandy
64863,Fireball Cinnamon Whiskey
34456,Ketel One
89665,Hussongs Platinum Anejo
57144,Chi-Chi's White Russian
56206,Paramount Peach Brandy
13928,McMasters Canadian Whiskey
19226,Knob Creek
82898,Dekuyper Mixed Berry Medley
34004,Absolut Swedish Vodka 80prf
11296,Crown Royal
36985,Blue Ox Vodka
19476,Makers Mark
42716,Malibu Coconut
80236,Iowish Cream Liqueur
32238,Seagrams Extra Dry Gin
26827,Jack Daniels Old #7 Black Label
43285,Captain Morgan Original Spiced PET
67528,Kahlua Coffee
35914,Five O'Clock Vodka
43120,Bacardi Superior PET
80488,Tippy Cow Shamrock Mint
36308,Hawkeye Vodka
35918,Five O'Clock Vodka
67526,Kahlua Coffee
28867,Tanqueray Gin
34188,Effen 80prf
37047,Gray Duck Vodka
22154,Wild Turkey 101
6998,Clan Macgregor Scotch
28868,Tanqueray Gin
79516,Arrow Creme de Menthe White
58911,Jose Cuervo Authentic Lime Light
10807,Crown Royal Regal Apple
11940,Canadian Hunter Rye
57179,Chi-Chi's Ruby Red Margarita
24458,Kessler Blend Whiskey
89207,1800 Reposado
10278,Ushers Green Stripe
101561,Makers Mark w/ Serving Tray
37348,Phillips Vodka
88296,Patron Silver
11788,Black Velvet
65199,Tequila Rose Liqueur
63345,On the Rocks Cocktails Tres Gen Jalapeno Pineapple Margarita
43128,Bacardi Superior
39492,New Amsterdam Pink Whitney
23828,Five Star
67578,Kahlua Salted Caramel
12888,Rich & Rare
54446,Paramount Apricot Brandy
43331,Captain Morgan Original Spiced Mini
27751,Seagrams 7 Crown Orchard Apple
11588,Black Velvet Reserve
15888,The Quiet Man 8YR
80345,Nooku Bourbon Cream Peppermint
18408,G & W Bourbon
19068,Jim Beam
41707,Phillips Lime Vodka
59101,Evan Williams Egg Nog
10808,Crown Royal Regal Apple
75221,Kinky Green
57125,Chi-Chi's Gold Margarita
54448,Paramount Apricot Brandy
17957,Evan Williams  Black
88767,Tortilla White
13638,Lord Calvert
73055,RumChata
64870,Fireball Cinnamon Whiskey
69656,Dr McGillicuddys Mentholmint
76488,Paramount Amaretto
89139,Cabo Wabo Reposado
36904,McCormick 80prf Vodka PET
80686,Dekuyper Blustery Peppermint Burst
88036,Margaritaville Silver Tequila
15830,Proper No. Twelve
43027,Admiral Nelson Spiced
35926,Five O'Clock Vodka PET
89198,Jose Cuervo Especial Reposado
43026,Admiral Nelson Spiced
58860,Jose Cuervo Authentic Mango Margarita
1400,Crown Royal w/2 Glasses
80700,DeKuyper Peppermint 60ï¿½ PET
58866,Jose Cuervo Authentic Strawberry Margarita
22156,Wild Turkey 101
63319,On the Rocks Cocktails Effen Cosmopolitan
89199,Jose Cuervo Especial Reposado Square
80024,Blue Chair Bay Banana Rum Cream
67527,Kahlua Coffee
18348,Four Roses Small Batch
36304,Hawkeye Vodka
9432,Passport Scotch
25616,Seagrams 7 Crown PET Flask
64000,Absente
41846,Everclear 151
64868,Fireball Cinnamon Whiskey
16676,Basil Hayden 8YR
21215,Rebel KSBW 100prf
47786,Courvoisier VS Cognac
79026,Arrow Creme de Menthe Green
75198,Kinky Blue
15890,The Quiet Man
16466,1792 Bottled in Bond Bourbon
86887,Southern Comfort
100423,Fireball Cinnamon Whiskey 100ml Carrier
45886,Sailor Jerry Spiced Navy Rum
65195,Hpnotiq
46350,Hawkeye Light Rum
36969,New Amsterdam 80prf
11298,Crown Royal
11294,Crown Royal
65257,Jagermeister Liqueur
15621,Jameson Mini
8828,Lauders
80518,Sugarlands Appalachian Butter Pecan Sippin Cream
30528,Hawkeye Gin
86888,Southern Comfort PET
87018,Ole Smoky Peach Whiskey
21206,Rebel KSBW
86456,Black Velvet Apple
35913,Five O'Clock Vodka
26714,Obtainium Light Whiskey
10008,Scoresby Rare Scotch
43336,Captain Morgan Original Spiced
34747,Stolichnaya 80prf
77956,"Smirnoff Red, White & Berry"
4867,Dewars White Label Scotch
80487,Tippy Cow Vanilla Soft Serve
988915,Codigo 1530 Tequila Anejo
69657,Dr McGillicuddys Mentholmint
20368,Old Forester Bourbon 86prf
16988,Bourbon Supreme Bourbon
64601,Caravella Limoncello
86884,Southern Comfort
922172,HA Wild Turkey Rare Breed Rye Barrel Proof
43022,Admiral Nelson Spiced Mini
36305,Hawkeye Vodka PET
89191,Jose Cuervo Especial Reposado Mini
86637,Tortilla Triple Sec
69609,Dr McGillicuddys Apple Pie Mini
64933,1800 Coconut
78133,Smirnoff Pink Lemonade
39459,Blue Ox 151
65259,Jagermeister Liqueur Mini Meisters
15626,Jameson
75165,Ketel One Botanical Cucumber & Mint
25607,Seagrams 7 Crown
55066,Mr Boston Blackberry Brandy
86463,Howler Head KSB Banana
76077,Midnight Moon Lightning Lemonade Mini
34753,Reyka Vodka
23268,Calvert Extra Blend Whiskey
77955,"Smirnoff Red, White & Berry Mini"
68611,McCormick Irish Cream
24457,Kessler Blend Whiskey
1799,Captain Morgan Original Spiced Barrel
11771,Black Velvet Mini
11776,Black Velvet
43109,Bacardi Black
41694,UV Blue Raspberry
76069,Midnight Moon Apple Pie Mini
15628,Jameson
52582,E & J VSOP
27682,Jim Beam Kentucky Fire
59161,1800 Ultimate Peach Margarita
64858,Fireball Cinnamon Whiskey Mini Dispenser
27380,Angels Envy Rye
34014,Absolut Apeach
58868,Jose Cuervo Authentic Strawberry Margarita
26712,Slipknot Iowa Whiskey No. 9 Reserve
27604,Knob Creek Smoked Maple
903707,Wisers Deluxe
81208,Paramount Peppermint Schnapps
14518,Revel Stoke Peanut Butter Whisky Mini
58875,Jose Cuervo Golden Margarita
65126,Grand Marnier Cordon Rouge
84222,99 Blue Raspberries Mini
980034,Brown Jug Bourbon Cream
37997,Smirnoff 80prf
83363,Ice Hole Butterscotch Schnapps
62400,Margaritaville Classic Lime Margarita
67522,Kahlua Coffee Mini
74086,Godiva Dark Chocolate Liqueur
10627,Canadian Club Whisky
26821,Jack Daniels Old #7 Black Label Mini
58899,Jose Cuervo Authentic Orange Pineapple Margarita
45248,Paramount Gold Rum
66136,Passoa Passion Fruit Liqueur
57174,Chi-Chi's Skinny Margarita
37347,Phillips Vodka
86503,Howler Head KSB Banana
75183,Ketel One Botanical Peach & Orange Blossom
5105,Glenmorangie Quinta Ruban
72722,Christian Bros Honey
101355,Skrewball Mini Krew Package
19064,Jim Beam
88556,Sauza Blanco Silver
65204,Tequila Rose Liqueur Mini
19477,Makers Mark
5014,Glenfiddich 15YR Solera Reserva
14501,Revel Stoke Smoked Vanilla
27066,Old Overholt Rye
38006,Smirnoff 80prf PET
19478,Makers Mark
86749,Ole Smoky Cherry Moonshine
84224,99 Lemon Lime Mini
59854,Hornitos Strawberry Tamarind Margarita
88768,Tortilla White
73054,RumChata
12404,Canadian Ltd Whisky
58838,Jose Cuervo Authentic Lime Margarita
35948,Fleischmanns 80prf Vodka
69631,Dr McGillicuddys Cherry Mini
26966,Uncle Nearest 1856 Aged Whiskey
18352,Four Roses Bourbon
5040,Glenlivet 18YR
76067,Midnight Moon Watermelon Mini
34006,Absolut Swedish Vodka 80prf
73749,Evan Williams Apple
59852,Hornitos Pineapple Poblano Margarita
19486,Makers 46
26814,Steeple Ridge Bourbon
26233,Nassif Family Reserve
69947,Rumple Minze Peppermint Schnapps Liqueur
21595,Ten High PET
30238,Gilbeys Gin
86502,Howler Head KSB Banana Mini
36878,Foundry Vodka
10628,Canadian Club Whisky
43121,Bacardi Superior Mini
87410,Jose Cuervo Especial Silver
4716,Chivas Regal 12YR
77330,Sugarlands Appalachian Apple Pie Moonshine
75181,Ketel One Botanical Grapefruit & Rose
11773,Black Velvet
20375,Old Forester Statesman
45887,Sailor Jerry Spiced Navy Rum
36301,Hawkeye Vodka Mini
76079,Midnight Moon Lightning Lemonade
73780,E & J Vanilla
21946,Wild Turkey Kentucky Spirit
903141,McMasters Canadian Whiskey
10550,Black Velvet Toasted Caramel
77367,Mark Rogers American Peach Moonshine
34001,Absolut Swedish Vodka 80prf Mini
77843,Smirnoff Strawberry
39866,Smirnoff 100prf
80015,Blue Chair Bay Key Lime Rum Cream
100413,Fireball Cinnamon Whiskey Party Bucket
27554,Seagrams 7 Crown Dark Honey
78128,Smirnoff Pink Lemonade Mini
19006,Jeffersons Reserve
28087,Beefeater Gin
20248,Old Crow
86694,Jack Daniels Tennessee Fire
57150,Ch-Chi's Peach Margarita
965815,Mathilde Liquer Peche
915934,HA Yellow Spot
18006,Buffalo Trace Bourbon
62420,Margaritaville Skinny Margarita
77875,Smirnoff Sours Green Apple
34433,Grey Goose
15776,Bushmills Irish Whiskey
17766,Eagle Rare
63311,On the Rocks Cocktails Cruzan Mai Tai
43747,Bacardi Lime
75224,Kinky Red Mini
34457,Ketel One
4084,Aberlour 12YR
18990,James E Pepper 1776 Straight Bourbon Whiskey 100prf
88548,Hornitos Plata
82607,Dekuyper Sour Apple Pucker
20158,Old Camp Wolf Moon Whiskey
25603,Seagrams 7 Crown
38089,Platinum 7x Vodka
89626,Patron Reposado
86886,Southern Comfort
34422,Grey Goose
101217,Captain Morgan OSR PET w/50ml CM Sliced Apple
5289,J & B Rare Scotch
86692,Jack Daniels Tennessee Fire
41279,Burnetts Grape
86885,Southern Comfort PET
58895,Jose Cuervo Authentic Red Sangria Margarita
86785,Ole Smoky Apple Pie Moonshine 70prf
64866,Fireball Cinnamon Whiskey
15526,Bushmills Black Bush Irish Whiskey
43334,Captain Morgan Original Spiced
75197,Kinky Aloha
58204,Crafthouse Cocktails Southside
15739,2 Gingers
17630,Daviess County Kentucky Straight Bourbon Whiskey
84219,99 Peppermint
30058,Fleischmanns Gin
37095,Butchers Block Vodka
22215,Woodford Reserve
57601,Beagans Old Fashioned
37663,Row Vodka
37103,Okoboji Vodka
26220,Jeppsons Bourbon
19494,Makers Mark 46 Cask Strength
41209,Firefly Sweet Tea
10838,Crown Royal Black
57148,Chi-Chi's Margarita
18290,Fistful of Bourbon
86839,Ole Smoky Mango Habanero Whiskey
34076,Absolut Vanilia
16987,Bourbon Supreme Bourbon
86691,Jack Daniels Tennessee Fire Mini
89196,Jose Cuervo Especial Reposado
33467,Absolut Lime
16518,Ancient Age Bourbon
27237,Driftless Glen Bourbon
43299,Captain Morgan Coconut
86454,Black Velvet Apple Mini
81966,Arrow Mcdales Butterscotch Schnapps
86843,Ole Smoky Salty Caramel Whiskey
67586,Kapali Coffee Liqueur
4868,Dewars White Label Scotch
5286,Isle of Jura 10YR
58212,Crafthouse Cocktails Rum Old Fashioned
58840,Jose Cuervo Authentic Grapefruit Tangerine Margarita
58910,Jose Cuervo Grapefruit Tangerine
12407,Canadian Ltd Whisky
82126,Arrow Peach Schnapps
80023,Buffalo Trace Bourbon Cream
41078,Jeremiah Weed Sweet Tea Vodka
41076,Jeremiah Weed Sweet Tea Vodka
35917,Five O'Clock Vodka
45418,Phillips White Rum
14192,Pendleton Canadian Whisky
35317,Barton Vodka
36908,McCormick 80prf Vodka PET
27116,Wild Turkey 101 Rye
37131,Century Farms Open Gate Vodka
26826,Jack Daniels Old #7 Black Label
28276,Jim Beam Peach
78108,Sugarlands Appalachian Banana Pudding Sippin Cream
86112,Dekuyper Triple Sec
86987,Ole Smoky Salty Watermelon Whiskey
86536,Daviess County KSBW Cab Finished
37418,Popov 80prf
41688,UV Blue Raspberry PET
5036,Glenlivet 12YR
27781,Jim Beam Apple
73063,RumChata Limon
88116,Milagro Silver
63347,On the Rocks Cocktails Knob Creek Bourbon Old Fashioned
86739,Ole Smoky Apple Pie Moonshine 70prf Mini
57585,Beagans Cranberry Vodka
57120,Chi-Chi's Long Island Iced Tea
976407,Ole Smoky Sour Apple Moonshine
64774,Cointreau Liqueur
11786,Black Velvet PET
72927,Captain Morgan Sliced Apple Mini
42984,Trader Vics Private Selection Spiced Rum
72928,Captain Morgan Sliced Apple
17830,Early Times 36 Mo Ky Str Bourbon PET
19880,Michters US*1 Small Batch
43073,Admiral Nelson Spiced 101
38507,Western Son Original
10793,Crown Royal Vanilla
64922,Dulce Vida Lime
82605,Dekuyper Sour Apple Pucker PET
22178,Russells Reserve Single Barrel Bourbon
87499,Dulce Vida Blanco
68037,Baileys Original Irish Cream
5327,Johnnie Walker Black
65111,Galliano L'Autentico
75264,Kinky Fruit Punch
86582,Legent
57181,Chi-Chi's Pineapple Margarita
26586,Gentleman Jack
27783,Jim Beam Apple
927252,Balcones Brimstone
89387,Juarez Gold
19468,Marksman
19070,Jim Beam PET
926732,Sir Winston Barrel Proof Bourbon
36447,Ingenioz
48099,Hennessy VS
76036,Midnight Moon Apple Pie
39322,Deep Eddy Lime Flavored Vodka
902243,SOOH Benedictine Liqueur Dom
26370,Jim Beam Orange
17086,Bulleit Bourbon
11290,Crown Royal Mini
45275,Paramount White Rum PET
28625,Hendricks Gin
36978,Nikolai Vodka
89197,Jose Cuervo Especial Reposado
85606,Paramount Blue Curacao
82826,Dekuyper Ragin' Root Beer
5633,Lagavulin 8YR
80096,Dekuyper Creme de Banana
26474,Cedar Ridge Quintessential American Single Malt
41077,Jeremiah Weed Sweet Tea Vodka
916809,HA Blanton''s Straight from the Barrel Bourbon
55087,Paramount Blackberry Brandy
34425,Grey Goose
73053,RumChata
86693,Jack Daniels Tennessee Fire
58925,Jose Cuervo Authentic Light Strawberry
81196,Paramount Peppermint Schnapps PET
73059,RumChata Limon
19061,Jim Beam Mini
10803,Crown Royal Regal Apple Mini
87026,Skrewball Peanut Butter Whiskey
36307,Hawkeye Vodka
38058,Swell Vodka
67524,Kahlua Coffee
68036,Baileys Original Irish Cream
27920,Bird Dog Strawberry
27433,Bird Dog Peach
77847,Smirnoff Vanilla
22175,Russells Reserve 10YR
10548,Black Velvet Toasted Caramel
89164,Don Julio 1942
45277,Paramount White Rum
42718,Malibu Coconut Rum
19096,Jim Beam PET
14484,Revel Stoke Roasted Apple
64336,B&B DOM
68127,Carolans Irish Cream
43986,Admiral Nelson Cherry Spiced Rum
86821,Old Camp Peach Pecan Whiskey
38174,Titos Handmade Vodka
55086,Paramount Blackberry Brandy
87401,Jose Cuervo Especial Silver Mini
18672,Hudson Bright Light & Big Bourbon
11586,Black Velvet Reserve
40599,New Amsterdam Red Berry
39423,New Amsterdam Pink Whitney
43860,Malibu Watermelon
40193,New Amsterdam Pineapple
16396,Old Forester Signature 100prf Bourbon
30527,Hawkeye Gin
89193,Jose Cuervo Especial Reposado
74801,Jack Daniels Tennessee Apple
77545,Tooters Apple-Tini Mini
15865,Sexton Irish Whiskey
69611,Dr McGillicuddys Apple Pie
994155,SOOH 99 Cherries Mini
76487,Paramount Amaretto
42149,Dehner Distillery 151
55068,Mr Boston Blackberry Brandy
39648,Western Son Lime
33110,Indoggo Strawberry Gin
23626,Five Star PET
26781,Templeton Rye Rare Cask Strength
54646,Arrow Blackberry Brandy
67904,Baileys Colada Mini
27060,Michters US*1 Kentucky Straight Single Barrel Rye
39352,Western Son Lemon Vodka
67905,Baileys Colada
42699,Malibu Mango Rum
4876,Dewars 12YR
35527,Bakon
15658,Jameson Caskmates Stout
40071,New Amsterdam Mango
75218,Kinky Green Mini
76457,Mr. Boston Black Raspberry Schnapps
26710,Slipknot Iowa Whiskey No. 9
38194,Titos Handmade Vodka Mini
28206,Bombay Dry Gin
41705,UV Red Cherry
39827,Western Son Cucumber
25606,Seagrams 7 Crown
69637,Dr McGillicuddys Cherry
84307,Mr. Boston Peach
15856,Redbreast 12YR
69636,Dr McGillicuddys Cherry
39422,New Amsterdam Pink Whitney Mini
54436,Mr Boston Apricot Brandy
84367,Mr. Boston Sour Apple Schnapps
39420,New Amsterdam Watermelon
39825,Western Son Blueberry
35626,Pinnacle Whipped
903880,SOOH Luksusowa Potato Vodka
88566,Tres Generaciones Plata
5346,Johnnie Walker Red
935466,Van Gogh Dutch Caramel
84207,99 Root Beer Mini
67556,Kamora Coffee Liqueur
10009,Scoresby Rare Scotch
28233,Bombay Sapphire Gin
52598,E & J VS
89221,Del Maguey Mezcal Vida
902597,Dekuyper Luscious Blueberry Blast
11347,Seagrams VO Canadian Whiskey
40594,New Amsterdam Peach
43136,Bacardi Limon
34007,Absolut Swedish Vodka 80prf
76477,Mr. Boston Melon
904781,SOOH Mothers Schnapps Cherry
33697,Mr. Boston Sloe Gin
984191,SOOH 99 Butterscotch Mini
38056,Swell Vodka
15644,Jameson
43848,Ronrico Silver Label Rum
22155,Wild Turkey 101 Round
39918,New Amsterdam Apple
64136,Disaronno Amaretto
85437,Mr. Boston Blue Curacao
85796,Mr Boston Rock & Rye
40186,New Amsterdam Orange
26205,Whicked Pickle Flavored Whiskey
43333,Captain Morgan Original Spiced PET
24156,Hawkeye Blended Whiskey
84496,Paramount Strawberry Schnapps
10802,Crown Royal Peach
45245,Paramount Gold Rum PET
27289,Iowish Whiskey
59192,1800 Ultimate Black Cherry Margarita
5347,Johnnie Walker Red
984400,SOOH 99 Mangoes Mini
36618,New Amsterdam Raspberry
37346,Phillips Vodka
37356,Phillips Vodka
926231,Sir Winston Wheat Whiskey
69945,Rumple Minze Peppermint Schnapps Liqueur
21540,Stagg Jr.
65253,Jagermeister Liqueur
58836,Jose Cuervo Authentic Lime Margarita
38176,Titos Handmade Vodka
903760,HA Weller 12YR
80571,Arrow Peppermint Schnapps Mini
926432,Bird Dog Peanut Butter
902256,SOOH Mellow Corn Whiskey
73702,Evan Williams Honey
77848,Smirnoff Vanilla
82867,Dekuyper Watermelon Pucker
21242,1792 Sweet Wheat Bourbon
76433,Oak & Eden Bourbon & Spire
67266,Yukon Jack
903179,HA Glenlivet Archive 21YR
34820,Svedka 80prf
86559,Sheep Dog Peanut Butter
26187,Guidance Whiskey
34255,Effen Raspberry
65536,Lucid Absinthe
37417,Popov 80prf
73986,Di Amore Amaretto
14474,Revel Stoke Roasted Pecan
28043,Jim Beam Vanilla
5006,Glenfiddich 12YR Special Reserve
55106,Phillips Blackberry Brandy
5430,Lagavulin 16YR
65426,Licor 43
43501,Bacardi Raspberry
52319,Christian Bros Brandy Round
52318,Christian Bros Brandy
64409,Belvedere Heritage 176 6 750ml
966995,SOOH Suze
64816,Romana Black Sambuca
32237,Seagrams Extra Dry Gin
77858,Smirnoff Whipped Cream
903881,SOOH Phillips Root Beer Schnapps
5247,Highland Park 12YR Viking Honour
926796,Bird Dog Praline
56958,Bartenders Hot Sex
26789,Steeple Ridge Bourbon Single Barrel
15648,Jameson Caskmates IPA
52596,E & J VS
37886,Seagrams Extra Smooth Vodka
66636,Romana Sambuca Italian Liquore
88372,Teremana Reposado Tequila
68846,St Brendans Irish Cream
43338,Captain Morgan Original Spiced
5700,Macallan Double Cask Gold
12861,Rich & Rare Caramel Mini
27125,Templeton 6YR Rye
36964,Grey Goose Mini
77776,Wild Turkey American Honey
5242,Johnnie Walker 18YR
67902,Baileys Deliciously Light
58872,Jose Cuervo Authentic Light Lime Margarita
88371,Teremana Blanco Tequila
34395,Effen Cucumber
43323,Captain Morgan White PET
927099,HA Hochstadter's Vatted Straight Rye 100 Pr
36873,Blue Ox Vodka
85526,Dekuyper Blue Curacao
12871,Canadian Rich and Rare Peach
27629,Prairie Fire
5133,Glenmorangie 10YR
43318,Captain Morgan Private Stock
34052,Absolut Raspberri
53214,Paul Masson Grande Amber Brandy VS
34359,Grey Goose
12865,Rich & Rare Apple Mini
37991,Smirnoff 80prf Mini
34454,Ketel One
58873,Jose Cuervo Authentic Watermelon Margarita
26822,Jack Daniels Old #7 Black Label
5318,Johnnie Walker Double Black
19235,Knob Creek Single Barrel Reserve
19021,Jim Beam Black Mini
41625,UV Grape
87035,Skrewball Peanut Butter Flavored Whiskey
35699,Pearl Cucumber
19066,Jim Beam
26820,Jack Daniels Old #7 Black Label Flat
86796,Southern Host Whiskey Liqueur
4585,Dewars Double Double Aged 21 YR
926697,HA WhistlePig FarmStock 3
44419,Cruzan Black Cherry
20369,Old Forester 1870 Whisky Row Series
86670,Jack Daniels Tennessee Honey
16416,Old Grand-Dad 100prf Bond Bourbon 4YR
101028,RumHaven w/Tiki Mug
66993,21Seeds Cucumber Jalapeno Tequila
28890,Tanqueray Rangpur Gin
68034,Baileys Original Irish Cream
87408,Jose Cuervo Especial Silver
80485,Tippy Cow Chocolate
82847,Dekuyper Luscious Peachtree
16846,Bird Dog 7YR
39466,New Amsterdam 100prf
11936,Canadian Ltd Whisky PET
26589,Gentleman Jack
65258,Jagermeister Liqueur
920376,SOOH Old Forester 1920
82626,Dekuyper Cherry Pucker
27408,Jim Beam Honey Mini
21212,Rebel 10YR Single Barrel
43319,Parrot Bay Coconut PET
77688,Smirnoff Lime
73051,RumChata Mini
28275,Jim Beam Peach Mini
37231,Crystal Head Onyx Vodka
80456,Ryans Cream Liqueur
39705,Western Son Blueberry Mini
100280,The Bitter Truth Cocktail Bar Pack
65556,Luxardo Amaretto
74777,Knucklenoggin Salted Caramel Whiskey
39325,Door County Cherry Vodka
88570,Tres Generaciones Reposado
84142,99 Peaches PET Mini
27474,Bird Dog Blackberry
9278,Old Smuggler Scotch PET
52594,E & J VS
5924,GLENLIVET CARIBBEAN RESERVE
77637,Smirnoff Cherry
17206,Cedar Ridge Bourbon
15606,Green Spot
82637,Dekuyper Grape Pucker
80486,Tippy Cow Orange Cream
31657,Paramount Gin
34189,Effen Black Cherry
36306,Hawkeye Vodka
55506,Paramount Cherry Brandy
67903,Baileys Deliciously Light Mini
53206,Paul Masson Grande Amber Brandy VSOP
26824,Jack Daniels Old #7 Black Label Square
75208,Kinky Pink Mini
77284,Rocket Fuel
65125,Grand Marnier Cordon Rouge
10632,Canadian Club Reserve Triple Aged
35776,Barton Vodka Mini
902291,SOOH Bartenders Bananas Over You
18198,Ezra Brooks Sour Mash Bourbon
36971,New Amsterdam 80prf
65256,Jagermeister Liqueur
101299,Jack Daniels w/BBQ Sauce
5918,Jura 12 Year
82866,Dekuyper Watermelon Pucker
46112,Cedar Ridge Dark Rum
42167,Myers's Original Dark Rum
917062,Bradshaw Bourbon
89916,Tortilla Gold
87714,El Mayor Extra Anejo Sherry Cask Finish Tequila
920374,SOOH Old Forester 1910
39704,Western Son Prickly Pear Mini
57303,Bacardi Island Punch
83907,Maui Blue Hawaiian Schnapps
917946,HA Elmer T Lee Single Barrel
39706,Western Son Watermelon Mini
16086,Early Times Bottled In Bond
37998,Smirnoff 80prf
57158,Chi-Chi's Strawberry Margarita
86558,Sheep Dog Peanut Butter Mini
80447,Rumcoqui
75212,Kinky Blue Mini
44516,Cruzan Light
32819,Wild Poet Irish Gin
28866,Tanqueray Gin
24158,Hawkeye Blended Whiskey
42242,Blue Chair Bay Coconut Rum
10834,Crown Royal Black
4866,Dewars White Label Scotch
86404,Red Cabin Bourbon
87481,Dos Hombres Mezcal
42703,Malibu Pineapple
15535,Eiregold Irish Whiskey
33717,Paramount Sloe Gin
87180,Brusco Aresanal Mezcal
27100,Sazerac Rye
26362,Bird Dog Salted Caramel
34051,Absolut Raspberri
50686,St Remy VSOP Napoleon Brandy
87029,Adictivo Extra Anejo Tequila
38086,Platinum 7x Vodka PET
69667,Dr McGillicuddys Vanilla
80239,Iowish Cream Salted Caramel
87485,Don Julio Blanco
82836,Dekuyper Raspberry Pucker
18120,Evan Williams Single Barrel
77668,Smirnoff Grape
75372,Lemoncello 50010
78456,Paramount Creme de Cacao Dark
68128,Carolans Irish Cream
49186,Remy Martin VSOP
57129,Chi-Chi's Mexican Mudslide
43125,Bacardi Superior PET
71529,Tooters Ala Bama Slama
59154,1800 Ultimate Margarita
69706,Dr McGillicuddys Root Beer
10846,Canadian Club Small Batch Classic
67309,Whistler Honey Irish Whiskey
43126,Bacardi Superior
902424,Wisers Deluxe
26432,Bird Dog Peanut Butter
20286,Old Crow PET
28246,Boodles British Gin London Dry
33658,Svedka Mango Pineapple
26823,Jack Daniels Old #7 Black Label
19026,Jim Beam Black
36468,Effen Blood Orange
89786,Sauza Gold
25601,Seagrams 7 Crown Mini
27145,WhistlePig Old World 12YR
86781,Ole Smoky Peaches Moonshine
922296,HA WhistlePig FarmStock Rye Beyond Bonded Bourbon
89583,Milagro Reposado
43302,Captain Morgan Black Spiced
86668,Jack Daniels Tennessee Honey Mini
10890,Forty Creek
903522,Henry Mckenna Single Barrel 10YR 100prf
86125,Number Juan Tequila Blanco
67557,Kamora Coffee Liqueur
58886,Jose Cuervo Authentic Light White Peach Margarita
1051,Chivas Regal w/ 2 Rock Glasses
80421,Pennsylvania Dutch Pumpkin Cream
43296,Captain Morgan Silver Spiced
52316,Christian Bros Brandy
101288,Makers Mark w/ Scarf
43076,Admiral Nelson Coconut
20366,Old Forester Bourbon 86prf
88464,Villa One Silver Tequila
80001,Bacardi Coquito
22244,Yellowstone Select
69709,Dr McGillicuddys Wild Grape Mini
86375,Sheep Dog Holiday Minis
987706,SOOH 400 Conejos Mezcal
614,RumChata w/ Mug
66518,RumHaven
52314,Christian Bros Brandy
69946,Rumple Minze Peppermint Schnapps Liqueur
42370,Bacardi 8
16814,Bib & Tucker Small Batch Bourbon Aged 6YR
82846,Dekuyper Luscious Peachtree
40331,Deep Eddy Sweet Tea
88741,Clase Azul Reposado
65254,Jagermeister Liqueur
19239,Knob Creek 12YR
80443,Somrus Coffee Grab n Go Mini
17913,Elijah  Craig Toasted Barrel
59163,1800 Ultimate Watermelon Margarita PET
101399,Frankly Organic Vodka 50ml Variety Pack Mini
101463,Bombay Sapphire Gin Spray Can Tin
69713,Dr McGillicuddys Peach Mini
3836,Twisted Shotz Sexy Party Pack 2.0
59162,1800 Ultimate Pineapple Margarita PET
89836,Hornitos Reposado
25177,Cedar Ridge Bottled in Bond Rye Whiskey
87409,Jose Cuervo Especial Silver
68031,Baileys Original Irish Cream Mini
86118,Number Juan Tequila Extra Anejo
59159,1800 Ultimate Raspberry Margarita PET
82820,Dekuyper Strawberry Pucker
15667,Jameson Black Barrel
12853,Rich & Rare Reserve Mini
86490,Thomas S. Moore Cabernet Sauvignon Cask Extended Cask Finish
26606,George Dickel #8
76939,Prichards Mint Chocolate Liqueur
80576,Arrow Peppermint Schnapps
24451,Kessler Blend Whiskey Mini
28236,Bombay Sapphire Gin
86494,Thomas S. Moore Port Casks Extended Cask Finish
84230,99 Brand Mystery Flavor PET Mini
23708,Fleischmanns Whiskey
37986,Skyy Vodka
77324,Rondiaz Rum Spiced Black Cherry
69618,Dr McGillicuddys Butterscotch
86468,Redemption Straight Rye Rum Cask Finish
21300,Rustic River Kentucky Straight Bourbon Whiskey
17956,Evan Williams Black
28210,Bombay Sapphire East
84143,99 Cinnamon Mini
73803,RumChata Cold Brew
67534,Kahlua Vanilla
2229,Christian Bros Holiday Nog
38091,Platinum 10x Vodka
82599,DeKuyper Sour Apple Pucker PET
4367,Balvenie 14YR Caribbean Cask
89646,Patron Anejo
24466,Kessler Blend Whiskey PET
26105,Bradshaw Rye
16850,Blantons Bourbon
922077,SOOH Wilderness Trail Bottled in Bond Single Barrel
928370,Bulldog Gin
10791,Crown Royal Vanilla
17920,Elijah Craig 18yr Single Barrel
66056,Nonino Amaro Quintessentia
19567,Makers Mark Holiday Label
86881,Southern Comfort Mini
4611,Dalmore Port Wood Reserve
86669,Jack Daniels Tennessee Honey
52599,E & J VS Round
16182,Penderyn Madeira
86145,Codigo 1530 Tequila George Strait Double Barrel Rosa & Repos
34155,Belvedere Pure
17334,Chicken Cock Kentucky Straight Bourbon
904247,HA Aberlour 18YR Single Cask
22158,Wild Turkey 101
75263,Kinky Fruit Punch Mini
74740,Slow and Low
74805,Jack Daniels Tennessee Apple
77683,Smirnoff Kissed Caramel
10805,Crown Royal Regal Apple
18656,Henry Mckenna Single Barrel 10YR
101385,Templeton Rye 4YR w/ 2 Rocks Glasses
14199,Pendleton Canadian Whiskey
37302,SVEDKA Cherry Limeade Vodka
83357,Ice Hole Plum Schnapps
33256,Seagrams Lime Twisted Gin
100847,Fireball Cinnamon Whiskey Candy Canes
14490,Revel Stoke Root of Evil Root Beer
73809,RumChata Mocha Cold Brew
100015,Fireball Cinnamon Whiskey Bag in Box
101200,Fireball Cinnamon Whiskey Countdown Calendar Minis
938516,SOOH Wheatley Vodka
25512,Artisan Grain Small Batch Bourbon
967064,G. M.  TIDDY  CANADIAN LIQUEUR
80445,Somrus Coffee Cream Liqueur
35316,Barton Vodka
64388,Bumbu Rum
86916,Southern Comfort 100prf
19481,Makers Mark Cask Strength
31475,New Amsterdam Gin
72981,North Forest Kreme Maple Bourbon Pecan
41693,UV Blue Raspberry
44557,Cruzan Strawberry
32836,Woody Creek Distillers Colorado Gin
27410,Jim Beam Honey
17916,Elijah Craig
82600,Dekuyper Sour Apple Pucker PET
72532,Blue Chair Bay Mango Rum Cream
66936,Grangala Triple Orange Liqueur
26782,Woody Creek Distillers Colorado Straight Bourbon Whiskey
36871,Ciroc 80prf
15639,Jameson 18YR
64636,Campari Italian Aperitivo
63344,On the Rocks Cocktails Larios Aviation
37421,Frankly Organic Vodka
34786,Stolichnaya Blueberi
43124,Bacardi Superior
43902,Malibu Strawberry
21100,Punchers Chance
73135,Ranch Road Hard Hops Imperial
27369,Cedar Ridge Port Cask Finished Bourbon
29568,Burnetts Gin London Dry
34026,Absolut Peppar
89496,Margaritaville Gold Tequila
74737,Hochstadters Slow & Low Can
56782,Captain Morgan Tropical Punch RTD
64418,Ciroc Summer Watermelon
4825,Dalmore 12YR
46499,Kraken Black Spiced Rum 70prf
46504,Kraken Black Spiced Rum
72973,North Forest Kreme Walnut
15940,Tullamore Dew Irish Whisky
45276,Paramount White Rum
26707,Uncle Nearest 1884 Small Batch Whiskey
26142,Ranch Road Rye Whiskey
65416,Jameson Cold Brew
17260,Ranch Road Straight Bourbon Whiskey
10804,Crown Royal Regal Apple
557,Tippy Cow 50ml Sampler
41989,UV Cake
19490,Makers Mark Bespoke
46608,Modern Matriarch Salted Caramel Flavored Rum
36769,Absolut Grapefruit
56783,Captain Morgan Mai Tai RTD
63753,Salvadors Peach Margarita
15258,Windsor Canadian Black Cherry
101490,Makers Mark Fathers Day Co-Pack
26780,Woody Creek Distillers Colorado Straight Rye
38638,Woody Creek Distillers Potato Vodka
38179,Titos Handmade Vodka
39317,Frankly Organic Strawberry Vodka
39310,Frankly Organic Apple Vodka
82857,Dekuyper Island Punch Pucker
927461,SOOH Breckenridge Bourbon
10792,Crown Royal Vanilla
77852,Smirnoff Watermelon
19498,Makers Mark 101
6011,Glenmorangie X
44266,British Navy Pussers Rum
26249,Nelsons Green Brier Tennessee Whiskey
32460,Tinkermans Bright Complex
995530,SOOH Ice Hole Salty Caramel Schnapps
76441,Oak & Eden 4-Grain & Spire
39922,Deep Eddy Peach
101180,99 Fruits Mini
100686,Jose Cuervo Authentic Pink Lemonade Margarita
84393,99 Watermelon PET Mini
55084,Paramount Blackberry Brandy
80058,Chi-Chi's Orange Cream
37105,Tom of Finland
941467,SOOH 360 Sorrento Lemon
89787,Sauza Gold
88915,Codigo 1530 Tequila Anejo
52835,Korbel Brandy PET
14519,Revel Stoke Peanut Butter Whisky
40053,Deep Eddy Lemon
45888,Sailor Jerry Spiced Navy Rum
37935,Skol Vodka PET
27746,Bird Dog Peach
19475,Makers Mark Replica
36390,Crystal Head Aurora Vodka
72955,CCrets Island Mix
38169,360 Vodka
39118,Sweet Grass Vodka
56874,Bacardi Hurricane RTS
26765,Bird Dog Black Cherry
72978,North Forest Kreme Huckleberry Vanilla
65896,Metaxa Ouzo
86420,Revelton Whiskey and Cream Liqueur
43037,Bacardi Gold
26906,Jack Daniels Single Barrel
15622,Jameson
916580,HA Bakers Bourbon 7YR
82957,Firewater Cinnamon Schnapps
36435,Svedka Cucumber Lime
18856,Larceny
10625,Canadian Club Whisky PET
74090,Godiva White Chocolate Liqueur
87510,1800 Silver
67267,Yukon Jack
19028,Jim Beam Black
19112,Jim Beam Devils Cut
34122,Crystal Head Vodka
58902,Jose Cuervo Authentic Mango Margarita
904827,Everclear 190prf
44442,Cruzan Blackstrap
89533,Familia Camarena Reposado
87369,Codigo 1530 Tequila Blanco
41943,360 Georgia Peach
22228,Woodford Reserve Double Oaked
4936,Famous Grouse Scotch
43621,Myers's Original Dark Rum
22199,Wild Turkey Rare Breed
5596,Mcclelland Highland
34244,Chopin Vodka
34003,Absolut Swedish Vodka 80prf
37881,Seagrams Extra Smooth Vodka Mini
37240,Crystal Head  Pride Bottle Vodka
43051,Bacardi Dragon Berry
69658,Dr McGillicuddys Mentholmint
74802,Jack Daniels Tennessee Apple
4571,Dewar's Portuguese Smooth
82147,Arrow Raspberry Schnapps
59182,1800 Ultimate Mango Margarita
905964,HA Aberfeldy 18yr Single Malt
30318,Gordons Gin London Dry PET
64776,Cointreau Liqueur
64282,Bacardi Tropical
26739,Sir Winston White Whiskey
30056,Fleischmanns Gin
89837,Hornitos Gold
28893,Bombay Bramble
68038,Baileys Original Irish Cream
29119,Aviation American Gin
77988,Smirnoff Spicy Tamarind
969618,SOOH Dr McGillicuddys Butterscotch
89624,Patron Reposado
27417,Bird Dog Maple
987018,SOOH Ole Smoky Peach Whiskey
14487,Revel Stoke Roasted Pineapple
26373,Jim Beam Orange Mini
81124,99 Peppermint Mini
57182,Bacardi Rum Punch RTS
58842,Jose Cuervo Authentic Coconut Pineapple Margarita
77648,Smirnoff Citrus
17092,Bulleit Bourbon Barrel Strength
21228,1792 Full Proof
58865,Jose Cuervo Authentic Raspberry Margarita
87078,Blood Oath Pact No. 7
87250,Cabo Wabo Blanco
26800,Jack Daniels 27 Gold
84172,99 Bananas Mini
42714,Malibu Coconut
59193,Jose Cuervo Authentic Cherry Limeade
62061,Kahlua Frozen Mudslide
27189,Basil Hayden Dark Rye
34117,Absolut Mandrin
73517,Dekuyper Cactus Juice
41681,UV Red Cherry
34368,Fris Danish Vodka
69715,Dr McGillicuddys Peach
76075,Midnight Moon Dill Pickles
25990,TX Blended Whiskey
928812,SOOH Sipsmith London Dry Gin
82780,Dekuyper Buttershots PET
919320,HA Kentucky Owl Confiscated
27048,Knob Creek Rye
64876,Drambuie Liqueur
994046,SOOH Aberlour A'bunadh
926497,HA Kentucky Owl Rye  - Batch #4
84171,99 Bananas
27680,Jim Beam Kentucky Fire Mini
56957,Bartenders Hot Sex
17186,Calumet Farm 14 Year Old Bourbon
28039,Jim Beam Vanilla Mini
82627,Dekuyper Cherry Pucker
41360,UV Pink Lemonade
88294,Patron Silver
64121,Ancho Reyes
80130,Ezra Brooks Bourbon Cream
16799,Belle Meade Reserve Whiskey
15582,Finagrens Irish Whiskey
40656,360 Huckleberry
28465,Drumshanbo Gunpowder Gin
965218,SOOH John D Taylor Velvet Falernum
27605,Tin Cup
915635,HA Green Spot Chateau Montelena
48105,Hennessy VS
4626,Buchanan Deluxe 12YR
64736,Patron Citronge
43031,Bacardi Gold Mini
66015,Mozart Chocolate Cream Liqueur
4616,Buchanan Special Reserve 18YR
921181,Rabbit Hole Cavehill
23536,Old Elk Blended Straight Bourbon
903323,Cruzan Banana
43036,Bacardi Gold
33111,Indoggo Strawberry Gin Mini
20300,Old Elk Wheat Bourbon
26496,Burn the Boats Rye Whiskey
5326,Johnnie Walker Black
921443,HA 1792 12YR Old Bourbon
76072,Midnight Moon Watermelon
903590,Cardenal Mendoza Brandy
77994,"Smirnoff Red, White & Berry"
64676,Chambord Liqueur Royale De France
902284,Leroux Jeznowka Polish Blackerry Brandy
39395,Prairie Organic Grapefruit Hibiscus Chamomile FL Vodka Mini
15180,WhistlePig 10YR
88766,Tortilla White
43040,Bacardi Gold PET
36302,Hawkeye Vodka
12886,Rich & Rare
5345,Johnnie Walker Red
36965,New Amsterdam 80prf Mini
11299,Crown Royal
905868,SOOH Game of Thrones The Nights Watch - Oban
67319,Villon
905434,HA Laphroaig Cairdeas
76070,Midnight Moon Peppermint Minis
87043,Ole Smoky Peanut Butter Whiskey
35315,Barton Vodka PET
72972,North Forest Kreme Pumpkin
39770,UV Cake Mini
87054,99 Peanut Butter Whiskey Mini
101151,Fireball Halloween Adult Trick-or-Treat Bag Mini
903203,SOOH Henry Mckenna Ky Str Bourbon Sour Mash
21602,EH Taylor Jr Small Batch
37040,Ocean Organic Vodka
67866,Amarula Cream Liqueur
927707,SOOH Bird Dog Chocolate
43722,Real McCoy 12YR
89242,Corralejo Reposado
72971,North Forest Kreme Peppermint
22172,Wild Turkey Rare Breed Rye Barrel Proof
64529,Bumbu Rum
101126,Jim Beam Flavors 50ml Variety Pack
88118,Milagro Silver
41691,UV Blue Raspberry Mini
73729,Evan Williams Kentucky Cider
21236,Ridgemont Reserve 1792
26614,St. George Baller Single Malt Whiskey
27094,High West Limited Supply Rendezvous Rye
42240,Blue Chair Bay White Rum
89030,Avion Reposado
77231,Sugarlands Maple Bacon Moonshine
73748,Evan Williams Peach
43328,Captain Morgan White
100618,Crystal Head Vodka w/4 Skull Glasses
66131,Passoa Passion Fruit Liqueur Mini
18347,Four Roses Small Batch Mini
100639,Crown Royal w/NFL Jersey Bag
34821,Svedka 80prf
4356,Balvenie 12YR Doublewood
1160,Dalmore 12YR w/Glasses
42666,Mt Gay Eclipse Rum
67037,Twisted Shotz Buttery Nipple
75242,Kinky Ruby Mini
31473,New Amsterdam Gin
11366,Crown Royal Special Reserve
100792,The Dalmore Port Wood Reserve w/ Glasses
89000,Asombroso Gran Reserva Extra Anejo
23827,Five Star
101432,Grand Marnier w/2 Glass Flutes
73065,RumChata Peppermint Bark
101513,Fireball Holiday Ornament Minis
101472,99 Brand Adult Variety Trick & Treat Bag
20116,Old Grand Dad 114prf
80382,Ole Smoky Cookies and Cream
39449,Western Son Raspberry Vodka
27877,Country Smooth Small Batch Straight Bourbon Whiskey
25257,WhiskeySmith Salted Caramel Flavored Whiskey
76414,Ole Smoky Pickles Moonshine
65451,Grey Goose Strawberry & Lemongrass
43205,Bacardi Spiced Rum
42610,Mailbu Tropical Banana
65198,Tequila Rose Strawberry
77805,Saints N Sinners Apple Pie
84223,99 Brand Fruit Punch PET Mini
86421,Revelton Whiskey and Cream Liqueur Mini
28278,Jim Beam Peach
72911,Captain Morgan Orange Vanilla Twist
12860,Rich & Rare Reserve Canadian Whisky
26291,Revelton Honey Whiskey
72816,Caffe Lolita Coffee Liqueur
89177,Casamigos Reposado
18291,Fistful of Bourbon Mini
65454,Grey Goose Essences Watermelon & Basil
65200,Tequila Rose Liqueur
26656,George Dickel #12
65482,Hendricks Lunar
69940,Rumple Minze Peppermint Schnapps Liqueur Mini
78071,Smirnoff Zero Sugar Infusion Cucumber & Lime
43775,Mt Gay Black Barrel
39619,Western Son Watermelon Vodka
44476,Cruzan Coconut
10888,E.T. 51 Premium Whisky
77740,Smirnoff Raspberry
76413,Ole Smoky Butter Pecan Moonshine
34036,Absolut Pears
24728,Mccormick Blend Whiskey PET
39300,Revelton Honey Vodka
43831,Bacardi Superior
73526,Dekuyper Melon Liqueur
88172,Santo Tequila Reposado
10836,Crown Royal Black
73058,RumChata MiniChatas Creamer Cups
89343,Hussongs Reposado
12478,Canadian Mist Whisky PET
43134,Bacardi Limon
40048,New Amsterdam Grapefruit
26210,WhiskeySmith Chocolate Flavored Whiskey
15204,WhistlePig RoadStock
89644,Patron Anejo
87013,Blackened Whiskey
926964,SOOH Kentucky Peerless Straight Rye Whiskey - Small Batch
101296,WhistlePig 6YR PiggyBack Rye
42687,Malibu Black
43244,Captain Morgan 100prf Spiced Rum
4043,Hornitos Plata with Shot Glasses
73533,Dekuyper 03
4044,Hornitos Reposado w/Glasses
42676,Malibu Passion Fruit
64011,Absolut Juice Edition Strawberry
77632,Smirnoff Blueberry
19116,Jim Beam Single Barrel
26573,Balcones Texas Pot Still Bourbon
58908,Jose Cuervo Authentic Watermelon Margarita
43615,Malibu Lime
27016,Rittenhouse Rye Whiskey
922184,HA Russells Reserve 13YR Barrel Proof
34116,Absolut Mandrin
67311,Yukon Jack Snakebite Mini
5696,Oban Single Malt Scotch
63373,Sip Shine Razz-Berry Shineade
44350,Calico Jack Cherry
63374,Sip Shine Shine Berry Sweet Tea
41604,UV Grape
68126,Carolans Irish Cream
65251,Jagermeister Liqueur Mini
986725,HA Michters 10YR Old Single Barrel
63372,Sip Shine Arnold Shiner
41698,UV Ivory Vanilla
43799,Appleton Estate Signature Blend
101462,Yukon Jack Assorted Minis
910882,SOOH Gibsons Finest Aged 12 yr
82636,Dekuyper Grape Pucker
68039,Baileys Original Irish Cream 100ml
922044,HA Weller Full Proof
37167,Bedlam Vodka
66019,Mozart Chocolate Coffee Cream Liqueur
101269,Tequila Rose Minis & Chocolate Gift Box
32231,Seagrams Extra Dry Gin Mini
101047,Fireball Cinnamon Whiskey Party Cooler
980374,Ole Smoky Mountain Java Cream Moonshine
101653,Koval Gin Trio Gift Pack
100636,Jim Beam Mini 12 Seasons
52563,E & J XO
16142,Milk & Honey Classic Single Malt
43797,Appleton Estate Signature Blend
18351,Four Roses Bourbon
902594,SOOH Barbancourt 5* Rhum 8YR
77768,Wild Turkey American Honey Sting
12476,Canadian Mist Whisky PET
37055,Game Time Vodka
101654,Koval Whiskey Gift Pack
19017,Jeffersons Ocean Aged at Sea
101564,Ardbeg 10YO Monsters of Smoke VAP
34729,Stolichnaya Elit
62405,Margaritaville Last Mango Margarita
101192,Jagermeister Cold Brew w/Coffee Mug
80234,Iowish Cream Liqueur Mini
903771,SOOH Fighting Cock Bourbon
100737,Jameson Black Barrel w/2 Glasses
80457,Ryans Cream Liqueur
66023,Naranja Orange Liqueur
922209,Woodford Reserve Mini
65495,Jameson Orange Mini
28238,Bombay Sapphire Gin
57634,Bols Cocktails The Very Old Fashioned
27025,Bulleit 95 Rye
17088,Bulleit Bourbon
26613,Foundry Corn Whiskey
100568,Bourbon Time
17196,CCD Straight Bourbon
26556,Chicken Cock Kentucky Straight Rye
87879,Corralejo Extra Anejo
84201,99 Pineapple
89154,Don Julio Reposado
28704,Nolets Silver Gin
84226,99 Strawberries Mini
902207,HA Old Rip Van Winkle 10YR (Pappy)
903803,HA Thomas Handy Rye 2021
58206,Crafthouse Cocktails Paloma
5683,Mossburn Island Blended Malt Scotch Whisky
27040,High West Double Rye
44159,Zaya Rum Cocobana
5635,Monkey Shoulder
17566,David Nicholson 1843 Bourbon
29998,Five O'Clock Gin
19062,Jim Beam
100077,Kraken Rum w/ Tiki Glass
101515,Fireball Cinnamon Whiskey Keg
15296,Windsor Canadian PET
30316,Gordons Gin London Dry
10006,Scoresby Rare Scotch
82127,Arrow Peach Schnapps
217215,Hatozaki Small Batch Japanese Whisky
22788,Beams 8 Star Bl Whiskey
17062,Bradshaw Bourbon
86379,WhiskeySmith Whiskeyrita
84160,99 Apples Mini Display
26405,Revenant Rye
80250,Jim Beam Bourbon Cream
4573,Dewars Japanese Smooth
84152,99 Oranges Mini
903663,HA William L Weller 2021
64356,Barenjager Honey Liqueur
15982,Toki Suntory Japanese Whisky
69064,Dr McGillicuddys Apple Pie Football PET Mini
40327,Deep Eddy Ruby Red Grapefruit
16796,Belle Meade Whiskey
76439,Oak & Eden Bourbon & Brew
77774,Wild Turkey American Honey
17659,Double Barrel Bourbon
34458,Ketel One
27479,Cody Road Bourbon
18350,Four Roses Single Barrel
88120,Milagro Select Barrel Silver Tequila
31719,Phillips Gin
67296,Yukon Jack Perma Frost
32235,Seagrams Extra Dry Gin PET
89121,Cazadores Reposado
68148,Carolans Cold Brew
80826,Ice 101 Peppermint Schnapps
4773,Copper Dog
918860,HA Larceny Barrel Proof
36606,Deep Eddy Orange
89443,Exotico Reposado
15832,Proper No. Twelve
17127,Cabin Still Str Bourbon
87646,Exotico Blanco
84141,99 Peaches
987012,Ole Smoky Butter Pecan Moonshine
47821,Courvoisier Avant Garde
28905,The Botanist Islay Dry Gin
18196,Ezra Brooks Sour Mash Bourbon
100600,Woodford Reserve w/Mint Julep Cup
10790,Crown Royal Vanilla
40590,New Amsterdam Peach Mini
14516,Revel Stoke Blackberry
5929,Glenmorangie Cadboll Estate
37305,Perma Frost Schnapps Mini
39555,Deep Eddy Lemon Mini
905865,SOOH Game of Thrones House Targaryen - Cardhu Gold Reserve
33466,Absolut Lime Mini
5842,Glenlivet 14YR
915257,SOOH Windsor Black Cherry
15895,Whistler Double Oaked Irish Whiskey
84211,99 Root Beer
37020,North Forty Vodka
39577,North Forty Raspberry Vodka
87643,Familia Camarena Silver
926239,HA Jack Daniel's Single Barrel Rye Barrel Proof
4374,Balvenie 15YR Sherry Cask
18096,Evan Williams 1783
17090,Bulleit Bourbon 10YR
39699,North Forty Peach Vodka
17917,Elijah Craig  Barrel Proof
87073,Skrewball Peanut Butter Whiskey
65066,Goldschlager Cinnamon Schnapps
64715,Ciroc Peach
36903,McCormick 80prf Vodka
40500,McCormick Apple Vodka
43077,Admiral Nelson Coconut Rum
87150,Avion Silver
23824,Five Star
81207,Paramount Peppermint Schnapps
68011,Baileys Strawberries & Cream
15677,Powers Irish Whiskey
43208,Bacardi Spiced Rum
26667,Rabbit Hole Boxergrail Straight Rye Whiskey
82611,Dekuyper Hot Damn!
40528,McCormick Peach Vodka
21184,Rabbit Hole Dareringer Shery Bourbon Cask
80580,Arrow Super Peppermint Schnapps
89200,Don Julio 70th Anniversary
57161,Chi-Chi's Churro
40055,Deep Eddy Lemon
68022,Baileys Salted Caramel
66836,St Germain
65456,Grey Goose Essences White Peach & Rosemary Mini
65450,Grey Goose Essences Strawberry & Lemongrass Mini
10826,Crown Royal XO
46506,Kraken Black Spiced Rum
100855,Makers Mark Generations Tri-Pack
37938,Skol Vodka
100861,99 Party Bucket Minis
73200,Captain Morgan Cherry Vanilla
68340,Five Farms Irish Cream Liqueur
29288,Barton Gin
28086,Beefeater Gin
87619,Espolon Blanco
33567,Svedka Peach
86880,Ole Smoky Moonshine Chocolate Cherries
33663,Svedka Strawberry Lemonade
61616,Pennsylvania Dutch Egg Nog
101600,Captain Morgan with NFL Ice Mold VAP
36576,Svedka Blue Raspberry
19094,Jim Beam Cubs Edition
26665,Tin Cup Rye
62920,Mr Boston Holiday Nog
101357,Absolut Blue w/ CLG Minis
27697,Bird Dog Apple
64489,Carolans Salted Caramel
49185,Remy Martin VSOP Flask
20247,Old Crow
61213,High West Old Fashioned Barrel Finished Cocktail Whiskey
80428,Prichards Praline Cream Liqueur
46351,Hawkeye Light Rum
36900,Barton Naturals
73052,RumChata
69634,Dr McGillicuddys Cherry
22157,Wild Turkey 101
37993,Smirnoff 80prf
78107,Sugarlands Appalachian Banana Pudding Sippin Cream
36875,Blue Ox Vodka
100215,Tequila Rose Liqueur w/2 Shot Glasses
76915,Prichards Fudge Brownie Liqueur
49084,Remy Martin 1738 Accord Royal
567,Makers Mark 46 Gift Box
64996,Frangelico Liqueur
80573,Arrow Peppermint Schnapps
5329,Johnnie Walker Blue
101522,"Santo Reposado w/Handpainted Salsa bowl, 6 Recipe cards"
59037,Desert Island Long Island Iced Tea Cocktail
428,Jim Beam Black w/2 Glasses
75195,Kinky Aloha Mini
46609,Nassif Family Reserve Rum
80238,Iowish Cream Egg Nog
16685,Basil Hayden Toast
5159,Glenfiddich 14YR
86273,Old Elk Straight Bourbon Port Cask Finish
89339,Herradura Reposado
101428,Smirnoff w/50ml Pink Lemonade
101471,99 Holiday Ornament Minis
84197,99 Pineapple Mini
37217,Paramount Vodka
101575,Dr. McGillicuddys Candy Canes Minis
86274,Old Elk Straight Bourbon Cognac Cask Finish
86272,Old Elk Straight Bourbon Sherry Cask Finish
77903,Smirnoff Peppermint Twist
86275,Old Elk Straight Bourbon Armagnac Cask Finish
46497,Kraken Black Spiced 70prf
41848,Everclear 151
4457,Glenmorangie 15YO Cadboll Estate 2021 Edition
910642,HA Canadian Club Chronicles 43 Year
74688,Harvest Moon
21186,Rabbit Hole Heigold Rye Bourbon
84228,99 Brand Cherry Limeade PET Mini
15178,WhistlePig 10YR Mini
77902,Smirnoff Peppermint Twist Mini
77900,Smirnoff Sours Berry Lemon
38102,Platinum 7x Vodka Mini
27370,American Born Moonshine Apple Pie
37182,Absolut Juice Pear and Elderflower Edition
65430,Goldschlager Brick of Gold Minis
35418,Burnetts Vodka 80prf
903119,SOOH Knappogue Castle 12YR
18201,Ezra Brooks 99pr Bourbon
82606,Dekuyper Sour Apple Pucker
5136,Glenmorangie 18YR
89194,Jose Cuervo Especial Reposado Flask
23267,Calvert Extra Blend Whiskey
22102,Wild Turkey Longbranch
34030,Absolut Citron
35916,Five O'Clock Vodka
25418,Templeton Rye Sherry Cask Finish
10828,Crown Royal Northern Harvest Rye
48107,Hennessy VS
67245,Twisted Shotz Jolli Jolli
86698,Jack Daniels Tennessee Fire
16679,Basil Hayden 10YR
44499,Cruzan Mango
27130,Woodford Reserve Rye
927861,SOOH Balcones Texas 1 Single Malt
926350,HA Cedar Ridge Bourbon: Single Barrel Collection (S.B.C.)
101266,Johnnie Walker Black w/ JW Minis & Voice Recorder
926669,SOOH Balcones True Blue 100
54447,Paramount Apricot Brandy
87306,Cazadores Blanco
89206,1800 Reposado
34972,Three Olives Cherry
8827,Lauders
926775,SOOH Balcones Texas Rye 100
87151,Avion Silver Mini
18661,Hudson Baby Bourbon
41703,UV Red Cherry Mini
48108,Hennessy VS
5747,Johnnie Walker White Walker
22214,Woodford Reserve
76478,Pama Pomegranate Liqueur
26900,Jack Daniel's Legacy
905960,HA Aberfeldy 20 YR Single Malt
17919,Elijah Craig  Small Batch
973627,SOOH Di Amore Quattro Orange
89233,Corralejo Anejo
29515,Bowling & Burch Gin
82786,Dekuyper Buttershots
87266,Casa Noble Crystal
39839,Western Son Prickly Pear
74804,Jack Daniels Tennessee Apple Mini
5446,Laphroaig 10YR
12856,Rich & Rare Reserve
87370,Codigo 1530 Tequila Rosa Blanco
77168,Original Secret Family Recipe - A Coffee Liqueur
72952,CCD Raspberry Cordial
88458,Santo Fino Blanco Tequila
52078,Copper & Kings Butchertown Reserve Casks Brandy
88922,1800 Cristalino
47645,Branson XO
76437,Oak & Eden Rye & Spire
68013,Baileys Expresso
941702,UV Orange
16050,Cedar Ridge Bottled in Bond Bourbon
26416,Furious Whiskey
76435,Oak & Eden Wheat & Spire
21986,Weller Reserve 7YR Bourbon
67868,Amarula Vanilla Spice
926930,HA The Clover Straight Bourbon
64389,Ciroc Summer Citrus
28032,Brown Sugar Bourbon
86462,CCD Maple Whiskey
39412,CCD Jalapeno Bacon Vodka
4698,Bruichladdich Scottish Barley
15187,WhistlePig 6YR PiggyBack
43050,Bacardi Dragon Berry
43648,Parrot Bay Strawberry PET
88163,Don Julio Reposado Primavera
26988,Driftless Glen Rye Whiskey
65260,Jagermeister Coolpack
66665,Santo Puro Mezquila
86672,Jack Daniels Tennessee Honey
66240,Rothman & Winter Creme de Violette
65061,Goldschlager Cinnamon Schnapps Mini
4381,Balvenie 21YR Portwood
47865,D'usse VSOP
87563,DeLeon Platinum
5702,Oban 18YR
65745,Don Agave Alebrije
904866,HA Glenfiddich 21YR Gran Reserva
20305,Old Elk Sour Mash Bourbon
66997,21Seeds Valencia Orange Tequila
26520,CCD Straight Whiskey
69711,Dr McGillicuddys Wild Grape
926931,HA The Clover Straight Rye
101046,Fireball Party Cooler
5290,J & B Rare Scotch
964123,SOOH Ancho Reyes Verde
72935,CCD Spiced Rum
901275,SOOH Caol Ila 12YR
100433,Suntory Toki w/Highball Glass
904844,SOOH Cynar 33prf
66994,21Seeds Grapefruit Hibiscus
65748,Don Agave Barrel Rested
38494,Waving Plains Vodka
26806,Green Frog Distillery Barreled Aged Corn Whiskey
922075,SOOH Wilderness Trail Bottled in Bond Small Batch
37403,Absolut Watermelon
44658,Lady Bligh Spiced Rum
87511,1800 Silver
74836,Iowa Legendary Rye White Label
73762,E & J Peach
28865,Tanqueray Gin
36970,New Amsterdam 80prf
58874,Jose Cuervo Authentic Pink Lemonade Margarita
63959,UV Blue Raspberry Lemonade PET
58877,Jose Cuervo Golden Strawberry Margarita
44520,Cruzan Vanilla
26411,Sinister Whiskey
982756,Dekuyper Cranberry Crush
77709,Smirnoff Peach
984161,SOOH 99 Blackberries Mini
78292,Smirnoff Peach Lemonade Mini
67158,Twisted Shotz Pineapple Upisde Down Cake
78291,Smirnoff Peach Lemonade
906038,HA Johnnie Walker Blue Year of the Tiger
37061,Broken Shed Vodka
39245,Seagrams Mango Pineapple Vodka Mini
37988,Skyy Vodka
73755,E & J Apple
922046,HA Weller Single Barrel Bourbon
65209,Tequila Rose Strawberry
941836,Everclear 190prf
100938,Fireball Valentine Pack
39208,Seagrams Strawberry Lemonade Vodka Mini
11910,Caliber Canadian Whiskey
100220,Twisted Shotz Traditional Party Pack 3.0
915859,HA Redbreast PX Edition
17826,Early Times 36 Mo Ky Str Bourbon
18376,Four Roses Small Batch Select
16843,Bird Dog Kentucky Straight Bourbon
16517,Ancient Age Bourbon
16516,Ancient Age Bourbon
80458,Ryans Cream Liqueur
19228,Knob Creek
58746,Cody Road Barrel Old Fashioned
68049,Baileys Vanilla Cinnamon
921600,HA EH Taylor Jr Barrel Proof
38075,State Vodka
20536,Kentucky Tavern Bourbon
11344,Seagrams VO Canadian Whiskey PET
101495,Ciroc VAP w/ 2 Glasses
258,RumChata GoChatas
85987,Bols Triple Sec 30prf
12900,Caribou Crossing
27913,Bird Dog Strawberry Mini
999911,HA Wine-Finished Bourbon
15557,Finagrens Irish Whiskey Mini
926929,HA The Clover TN Straight 10yr Bourbon
88298,Patron Silver
64147,Aperol
992851,SOOH Plantation Barbados Rum XO 20th Anniversary
52364,Copper & Kings American Brandy
5288,J & B Rare Scotch
86543,Ole Smoky Peach Whiskey Mini
928406,SOOH Citadelle Gin
89781,Sauza Gold Mini
27780,Jim Beam Apple Mini
22151,Wild Turkey 101 Mini
6206,Talisker 10YR
916839,Black Saddle Bourbon
57184,Bacardi Zombie RTS
101306,Gentleman Jack with Sour Mix
986845,SOOH Ole Smoky Blackberry Moonshine Mini
34267,Grey Goose Le Citron
52806,Korbel Brandy
37888,Seagrams Extra Smooth Vodka
58909,Jose Cuervo Authentic White Peach Light Margarita
35109,Russian Standard Original Vodka
23826,Five Star
905447,HA Laphroaig 25YR Cask Strength
66052,Nuvo Sparkling Liqueur
5002,Glenfiddich 21YR
20318,Old Ezra 7YR
21458,Silk Road Bourbon
12881,Rich & Rare Mini
28088,Beefeater Gin
12862,Rich & Rare Caramel
88522,Libelula Tequila
38530,Wheatley Vodka Mini
11346,Seagrams VO Canadian Whiskey
16369,Old Fitzgerald 8 yr BIB Decanter
14532,Revel Stoke Cherry
928699,SOOH Monkey 47
5350,Johnnie Walker Green
34605,Grey Goose La Poire
100306,Patron Extra Anejo
88363,Cincoro Reposado Tequila
34366,Fris Danish Vodka
87210,Banhez Mezcal
89796,Sauza Conmemorativo
987161,SOOH Millet Armagnac XO
88361,Cincoro Anejo Tequila
78153,Ryder Cup Lemonade Moonshine
89617,Sauza Cien Anos Reposado
12872,Rich & Rare Peach
39680,Deep Eddy Ruby Red Grapefruit Mini
30322,Gray Whale Gin
26447,Hudson Do the Rye Thing
35964,Three Olives Loopy
100862,99 Brand Candy Canes
16682,Basil Hayden
14210,Pendleton Midnight
101293,Jim Beam White w/ Holiday Tumbler
12406,Canadian Ltd Whisky
26977,Knob Creek Cask Strength Rye
101481,Bird Dog Black Cherry VAP w/ 2 Minis
101104,Bulliet Bourbon w/2 Ceramic Mugs
13036,Canadian Reserve Whisky
26160,Bird Dog Apple Mini
902247,SOOH Leroux Jeznowka Polish Blackberry Brandy
924575,HA Little Book Chapter 5: The Invitation
22207,Woodford Reserve Straight Bourbon
38031,Smithworks
16120,The Shinobu Blended Whisky
10624,Canadian Club Whisky
26162,Bird Dog Blackberry Mini
927041,HA High West A Midwinter Nights Dram
902029,SOOH Rothman & Winter Orchard Apricot
80004,Blue Chair Bay Pineapple Rum Cream
82827,Dekuyper Ragin' Root Beer
65467,Fernet Branca
78293,Smirnoff Peach Lemonade
17531,Copper Cross Single Barrel Straight Bourbon
40465,Skyy Infusions Wild Strawberry
16039,Paul John Nirvana
56942,Bacardi Mojito RTS
39123,Mutiny Island Vodka Smoked Hot Pepper Infused
941941,SOOH 360 Bing Cherry
37273,E.T. 51 Premium Vodka Mini
14523,Revel Stoke Son of A Peach
39122,Mutiny Island Vodka Puerto Rican Coffee Infused
88367,Cincoro Blanco Tequila
38508,Western Son Original Vodka
28033,Brown Sugar Bourbon 103
100148,Jack Daniels Single Barrel w/Snifter Glass
26758,Blue Ox American Spirit Whiskey
988104,SOOH Montelobos
57279,Chi-Chi's Pink Lemonade Margarita
27181,Jack Daniels Tennessee Rye
27056,Jim Beam Rye
932650,SOOH Uncle Vals Botanical Gin
100700,Crown Royal Deluxe w/50ml Vanilla & 50ml Apple
27560,Stranahans Colorado Whiskey
64558,The Bitter Truth Violet Liqueur
78073,Smirnoff Zero Sugar Infusion Strawberry & Rose
903089,SOOH Gran Centenario Anejo
4636,Bowmore Scotch 12YR
903385,SOOH Gran Centenario Reposado
35416,Burnetts Vodka 80prf
40804,Skyy Infusions Citrus
26757,Blue Ox American Spirit Whiskey
5362,John Barr Reserve
58202,Crafthouse Cocktails Moscow Mule
19905,Nefarious Bourbon Whiskey
43845,Rondiaz Coconut Rum
5157,Glenfiddich 18YR
51121,Control C Pisco Reservado
93557,McQueen and the Violet Fog
64755,Ciroc Red Berry
40289,New Amsterdam Coconut
43735,Bumbu XO
34746,Stolichnaya 80prf
40821,Skyy Infusions Pineapple
915198,HA WhistlePig 12YR Bespoke Barrel
100572,Johnnie Walker 200ml Collection Pack
21181,Rabbit Hole Cavehill
43038,Bacardi Gold
13037,Canadian Reserve Whisky
74782,Jack Daniels Winter Jack
41704,UV Red Cherry
67042,Twisted Shotz Miami Vice
5360,John Barr Reserve
67075,Twisted Shotz Sex on the Beach
935662,SOOH Zu Bison Grass Vodka
5555,Macallan Double Cask 12YR
447,Knob Creek w/Glasses
918379,HA Four Roses Small Batch 2021 Limited Edition
3354,DeKuyper Candy Cane
18116,Evan Williams Black PET
101479,Bird Dog Blackberry VAP w/ 2 Minis
59100,Evan Williams Egg Nog
901559,HA Blood Oath Trilogy II 3 Pack
26858,Templeton Rye 4YR
101172,Bird Dog Kentucky Straight VAP w/ 2 Minis
82146,Arrow Raspberry Schnapps
5153,Glenlivet Founders Reserve
101641,Cody Road Six Shooter Variety Pack Minis
927114,HA Pikesville Rye 110prf
28627,Hendricks Gin
77658,Smirnoff Cranberry
926352,HA Jack Daniels 10YR
64716,Ciroc Peach
36122,Deep Eddy 80prf
21443,1792 12YR Old Bourbon
64339,Ciroc Pomegranate
101347,Grey Goose Glass Pack
991342,HA Old Forester Birthday Bourbon 2021
101534,Jim Beam w/ Cornhole Game
64914,Ciroc Mango
89504,Ilegal Mezcal Reposado
88091,Mezcal Vago Elote
17520,Clyde Mays Straight Bourbon
27171,Minor Case Straight Rye
45247,Paramount Gold Rum
61214,High West Manhattan Barrel Finished Cocktail Whiskey
51506,Presidente Grape Brandy (Pedro Domecq)
61212,High West Old Fashioned Barrel Finished Cocktail Whiskey
16916,Border Bourbon
78115,Saints ''n Sinners Mini
27832,Iowa Distilling Company Straight Bourbon Whiskey
86544,OLE SMOKY TENEESSEE SALTY CARAMEL WHSKEY MINI
23277,Calvert Extra Blended Whiskey
87075,Skrewball Peanut Butter Whiskey
26585,Gentleman Jack
87288,Casamigos Mezcal Joven
78079,Smirnoff Zero Sugar Infusion Watermelon & Mint
17658,Double Barrel Bourbon
927506,HA High West Bourye
